plasmid_id,length,AS_SRR11088434,AS_SRR11235435,AS_SRR11673976,AS_SRR11783213,AS_SRR13994250,AS_SRR14932642,AS_SRR8208348,AS_SRR8351382,AS_SRR8831201,AS_SRR9261047,DW_SRR15085115,NW_SRR13225453,NW_SRR13225455,NW_SRR13608705,NW_SRR13608725,NW_SRR14751605,NW_SRR21694251,NW_SRR21802946,NW_SRR25018385,WW_ERR11269302,WW_ERR1713344,WW_ERR2592329,WW_ERR4678576,WW_ERR9855099,WW_SRR11088392,WW_SRR12396704,WW_SRR22752015,WW_SRR8208343,WW_SRR8648016,DW_SRR17063163,DW_SRR18749962,DW_SRR19238510,DW_SRR21802943,DW_SRR22105540,DW_SRR22372546,DW_SRR6439731,DW_SRR7369915,GW_ERR3281033,GW_SRR12964613,GW_SRR13727526,GW_SRR13727538,GW_SRR15669520,GW_SRR18331974,GW_SRR20309467,GW_SRR21427518,GW_SRR26726064,GW_SRR7912025,NW_SRR11088437,DW_SRR15085116,NW_SRR12404955
NZ_CP138514.1,1192185,2.546115283726977,2.7194013141325786,2.6695835262522625,2.348004961127749,2.6217689970161278,2.4779465569269425,2.3602550881551934,1.5400091997933725,2.584951051590298,2.388511805388133,1.820606349608238,2.0693564241675078,2.0838697038652367,1.9197446339861775,2.1242873501365804,2.14561347660606,1.8687387808825835,2.047054893003408,2.4141354249508464,1.7684449735949088,2.318210658350965,2.0475305546898794,2.1692989450566245,2.316174265587661,2.1205212248742713,1.5110150941832845,1.4723086199591189,1.4419098727488175,2.5135937501397616,2.086323787591051,2.3298141377407173,1.768771346728785,2.076984237518733,2.377124380508335,1.6341307134254708,2.4064724605581436,1.7385968500715894,2.58861467573628,3.001500641135386,2.4766517508522554,2.743604502650839,1.9622963566538045,2.341588707270881,2.1644427168475566,2.2401159172127,2.54449052348212,1.89102958963484,2.4737963347823415,1.8653126087376521,1.3056020814463487
NZ_CP138516.1,1298350,2.68436901751661,2.8481071280432024,2.7899697925839786,2.4484375472668423,2.7648816061654493,2.597461729242485,2.4496553588322745,1.585182108947959,2.5883943994353995,2.543040044579911,1.961715521399912,2.2091685084716146,2.2408399697705383,2.0847902329567036,2.2579167213470224,2.3347037674882762,2.040658767475461,2.184489307933852,2.6282906238388937,1.8607589224664636,2.3994565927711378,2.1544081951969583,2.2697863859553298,2.37527625887095,2.2279372237642736,1.599829793404408,1.5162802825361203,1.4824392579697834,2.679733125100069,2.259201029660146,2.519365981167079,1.9038561514249184,2.065072984234738,2.5792889332034443,1.7172242925368806,2.5397902877448817,1.901558290067124,2.633536447330526,3.194103301410498,2.723169665636564,2.836384750953454,2.0577728301623224,2.294906630923035,2.2291355176416374,2.4024513057947754,2.6294972534468335,2.0512618344029536,2.6385166072115585,1.9632891245371387,1.4842032309181024
NZ_CP138497.1,938298,1.7646821592354165,1.8622815574431941,1.7957069657598488,1.602625767613516,1.7557537939114358,1.7074217586416796,1.3170745028484043,0.9321438856736133,1.4126402316966407,1.6228236244303755,1.2499690894052506,1.4555934120133145,1.4458816517397954,1.3312838090526544,1.3705356498129775,1.3034329257520627,1.3598115040322245,1.3651289336373318,1.5095930979158674,1.2286697683786616,1.4412023197615353,1.451176156988519,1.5578967132486874,1.4435684463469334,1.4135808795896356,0.8819325526155886,0.944415860762028,0.9405527542920188,1.8082840702447367,1.3917970120965077,1.6525377127381988,1.2926011583659436,1.3217783362111137,1.580836912376088,1.0193930607571475,1.6432707398328306,1.2758895140513176,1.7446733476999803,1.6391607357276041,1.7327302158275097,1.733572250969072,1.2755617371954844,1.7181761687015389,1.3461685672372947,1.4890903477615018,1.7877150860344138,1.3689935494256573,1.667555344432109,1.2930842795257311,0.8660553292084625
NZ_CP076395.1,404150,1.0145477713732465,1.0328000329601872,1.0225199939618073,1.0776537495840517,1.1355133450491515,1.0002464772771424,1.2506780812660725,2.026172450296504,0.7699271555696423,1.107091294346569,2.81440503840849,1.138582838573965,1.1635514543457346,2.6871147939727495,2.479338151065132,0.7665680466386942,0.8201371540046382,1.067101265901424,1.372256474306997,2.0583121488183402,1.1513884662541085,1.0579472732744548,0.9200822886719775,1.234707246217819,0.7285615975602359,1.2736580262939845,0.8907535538182885,0.9101002800469647,0.9677301053599492,1.2623448401277433,1.4234453200884056,4.158855332445179,4.315697340152255,1.0142481719336869,6.434746122020083,1.047190398191904,0.6500087786511682,1.6269876983307796,0.5435966239359541,0.8246016858622961,0.779665952122813,1.9157366132716618,0.7600117788530194,0.582744084105439,1.4356788682881794,1.3287951544254064,3.52001725847579,0.9738868686214378,3.1764871211695245,1.5568601014719663
NZ_CP136338.1,142941,0.2677592565742994,0.24540470246461038,0.23885761535239375,0.31569712920107695,0.1915747936002343,0.400687465193685,0.3582722211628006,0.6487155651338016,0.5631093810622918,0.31442239213442696,0.16710175251077072,0.35140469011932696,0.33781465280414863,0.2535756247957101,0.49535693138656617,0.6288234222101347,0.41439952956709036,0.4279725628170534,0.23819523332813522,0.6685263364404567,0.3565015570678272,0.3957571914723713,0.5684859745932507,0.35815325710452073,0.21089262095455633,0.9630223581726784,0.738118629783628,0.33128152807362105,0.30150888613987586,0.3130289123568036,0.230075125598329,0.2824386880281904,0.23954596341762127,0.17971394566691284,0.36504402798447233,0.30704226574961063,0.5036154971984268,0.1869949959475197,0.46226094268447643,0.23529803328781007,0.2904505564590851,0.3066797621343786,1.438379166793877,0.5576201016867017,0.5735988487187657,0.44430499472516277,0.2813591487716751,0.2086376813100903,0.1893867179019599,0.32038220063275213
NZ_CP155749.1,880083,2.21633266994694,2.2018644190131957,2.2003937231815494,2.1788426051970835,2.279312999981694,2.1083419404763446,1.8671766084643056,2.301272298607414,1.4732377311753935,2.467564562900979,5.013495473397143,2.2598310423412213,2.4551247630784636,3.5661251328804355,2.6514897021977,1.8674302975064938,1.830782420206234,2.225250243150541,2.840255124144871,2.0516052859159735,2.077161875395302,1.8618857061713092,1.8572294792421056,2.1418670865188685,1.8899317197924752,1.8305840192233331,1.193899026395802,1.3541619059011154,2.2055552126743216,2.4927087622032578,2.80915658534407,3.9377870255368,3.714712043134495,2.3295832019714644,7.625642265626431,2.076513694265551,1.466229041191127,3.175389636702329,1.3127843910029082,2.088514422363737,1.810684212349219,2.981156322888427,1.2264386007589283,1.1625584908628597,2.944762765244958,2.3287769653315875,5.3089195986090285,2.395044890056199,6.23558494988526,3.5923450614997616
NZ_CP149519.1,94230,0.1668418897095768,0.15174077184456547,0.15378943660948086,0.1661372780349094,0.15558068812125872,0.1386889999093417,0.12973800606153738,0.20640126828147748,0.10042645998626457,0.22327743461961594,0.13234348074334537,0.15219396630889906,0.15726141372229574,0.12273587933720269,0.0984141754924424,0.10762841622016471,0.11034513925895519,0.1307387151573386,0.13544858733090184,0.09272667889631589,0.1336880839004352,0.10726730801104735,0.1255097321554121,0.15141683541827847,0.1132448821219924,0.07491852179196819,0.1342139694276176,0.14744565705463225,0.15944871853356554,0.08857460146818281,0.12771192744424834,0.1093597202650071,0.10951864400809501,0.11519845005721742,0.15271670844140445,0.15593730429297112,0.09704207146493256,0.10588749254493512,0.06468130155724273,0.133479873664039,0.14415323754537368,0.26128000175725086,0.056136674089182464,0.06704090447499855,0.08903885968710638,0.14181126996253046,0.05630906250667315,0.14449427304326118,0.14258723123455436,0.061840283809754815
NZ_LR743510.1,2832553,6.502833709779347,6.4277569384446815,6.6490217375209895,6.406872976979157,7.304692505537555,5.741332013391527,6.700391759715771,5.63856806856958,4.892427915410772,5.7398902280160655,14.172904455443899,4.966476054472026,5.2280581646790285,6.827153840943959,5.459359989719046,4.224662190807108,5.461734689073921,5.489334854706766,6.199114900122881,4.95766490559351,5.796714817640023,4.513400892012351,4.608446049469114,6.050223734649229,4.590712692532685,4.1096434292658675,3.6265708738225726,4.355677015046504,6.187712269572629,6.380526285982698,6.273723787585742,5.66476604228884,5.4988045875473635,7.123518701748377,6.657911734490725,5.947688689278985,4.857579190675483,5.626511397604897,4.3968144713748485,6.265996258481847,5.756748521096136,5.82062195573875,2.72440143040185,3.4082470490043417,4.524677287150569,4.862572301647932,4.133043574913667,6.222030558386195,11.304237731801894,6.217425047791468
NZ_CP062179.1,763274,0.8422047204668939,0.9077681647340247,0.8618665227655753,0.8241522219197144,0.8253359144745274,0.7586764858249259,0.579678483023437,0.4005587771177489,0.5963227756311833,0.6826298821942607,0.6168647466789103,0.6028944712833202,0.6334960572346697,0.6261061099970259,0.487215052554886,0.4526339446801962,0.681412170299511,0.5826984498419608,0.6702528786788242,0.43656518369100056,0.6654137082753161,0.6178132965245555,0.6008926256377495,0.6581086819652724,0.6447958043196488,0.34412459260895983,0.34030749316707715,0.40052641388731375,0.9269779253061556,0.707577811905563,0.8396585927928966,0.6518603958764402,0.6587571928095889,0.7701932737632258,0.40937780715012506,0.7446606038852037,0.5703120501382859,0.6510215216006946,0.5094143830949893,0.7629137951184789,0.7834993097207501,0.552262972589725,0.35208528047162685,0.3554142073067316,0.5116652052075946,0.5545399978173087,0.48709200705889183,0.828053081286059,0.6413177052489286,0.3433628950284855
NZ_CP046503.1,311349,0.14733606151399392,0.1423173799624985,0.1060594483651852,0.16710530296155127,0.09318880773244,0.17359649605636357,0.09391309821578998,0.18978958725970066,0.12349960184595979,0.15606495627536054,0.3810676574788691,0.15824733084457504,0.17094536112103556,0.08732858055719969,0.08916299183279552,0.10492375318790689,0.19206833113333496,0.07703506130706962,0.07841836174371536,0.7317909704025796,0.2957797264628489,0.5265314182111924,0.33803461423730574,0.2566762497690622,0.20454081159529425,0.16278379274153454,0.2075194744120427,0.41686135759643256,0.19132772856686678,0.08202948711190558,0.15814774493860015,0.10903487704246738,0.1839292165662823,0.09942411683915525,0.21408209077896104,0.18109290458990318,0.11993368497395195,0.07355513911049745,0.08522267371507966,0.13201599622271937,0.16095104052668635,0.08219837017451698,0.1482205166740695,0.044701205987504454,0.06083878215908631,0.07237440430717741,0.05336329474815603,0.15998199053023374,0.3149819689335247,0.0799407673512437
NZ_CP049912.1,42116,0.09971737019647804,0.09419055015323079,0.08964240375632337,0.10962882294219076,0.07166499624727699,0.161586293758823,0.19277873537149598,0.24169543252324982,0.16433174243432763,0.1294621162710376,0.07821764528071803,0.09754171490441531,0.09503896597605019,0.05644436984490166,0.11327467413124165,0.19199887692087422,0.12551692339889928,0.11803759393825183,0.0757376384788135,0.4467871306375826,0.1582019434237632,0.255957177897443,0.41815715315658014,0.14216425411385739,0.10426449742964378,3.0047247003259128,0.3211299116725412,0.19529250574710377,0.11726538202485381,0.07501406513721323,0.07155162982646526,0.06721755912552704,0.061966325450200185,0.05871193733029774,0.10613785431218258,0.1684808325064277,0.1133276174952689,0.06750810126163725,0.09689820913009399,0.0670713357967482,0.08209982433026569,0.058406378326976253,0.4660328803333533,0.07665140932383264,0.10330164811156145,0.09188220742842593,0.04961811789532011,0.06609603357822454,0.08801489973146175,0.05462922598034877
NZ_CP049906.1,761384,0.9309997680477028,0.9256980109580232,0.8426849848555663,0.8671083280394469,0.7519146896223479,0.9389205833214614,0.5786602039890618,0.46849919459373524,0.6985386919778943,0.8552208451389733,0.6360662235963546,0.9236540034407874,0.9501401044887923,0.6524201171409136,0.7141202155735095,0.9622482704645859,0.9901472174167777,0.8778959764366591,0.8528879604682675,0.7986945074163458,0.7011464106519223,0.8453609947722027,0.9199847517237623,0.7172257445992201,0.8422457376291366,0.5087209302325582,0.6071348751449231,0.49990348093215614,1.0640111558645662,0.8974645128406717,1.1342616980266866,1.1532559098665007,0.7342105793712387,0.8448104516411962,0.6042348307123158,0.8230747911868119,0.9029116507361526,0.6740967607111857,1.0923467884416276,0.9176699591511437,0.8952714209596898,0.7930088071092644,0.8744518056804405,0.7590408716160864,0.9423303975924887,0.9696969696969697,0.7484221252345526,0.9787584355246121,0.6415574646418702,0.7097429039366913
NZ_CP071828.1,271215,0.42604117005039843,0.44109652099647567,0.4699180110622345,0.4671930302205282,0.42629732092188843,0.43986480579695125,0.4186515393601875,0.5974660396926387,0.5426661977929497,0.41214248340030646,0.4601434177780025,0.38050211283058766,0.39142744367641497,0.4197519957831627,0.38230202519294054,0.3544825818627444,0.35094165937891986,0.3594969527663249,0.3602113793531847,0.4982752012265236,0.44527674834159364,0.4757296501356723,0.4683033366577176,0.43686047559473457,0.3211672826736446,0.6020238358283158,0.5624356867145631,0.4249549156785525,0.44439196870776415,0.37430607580614156,0.37804869412856085,0.2738178486607901,0.29924127170472514,0.3834930220938846,0.34476093693429594,0.46082043813698675,0.32186032512449964,0.3945499205811641,0.5793365733672011,0.39701119141456387,0.4656454941880151,0.35528798614239876,1.5559707262017435,0.37162557327715523,0.5689432220684594,0.5966477500090945,0.2906673368562087,0.3840674038260394,0.43804041090428814,0.22827732562988406
NZ_CP069303.1,4605385,13.184608099205747,12.655609102092011,12.861156439061844,12.863054723659134,14.070445933329673,11.795212593734215,14.776663636515117,15.049719055510513,10.198952300413934,12.223148451152928,14.421619405136216,11.555597745672017,11.410790021282907,14.796917468366358,11.675820524525369,9.812195497337088,11.65346353808696,12.224276950709296,13.180006531740773,16.115112605132655,12.547856744506925,10.730428111374946,11.08456209567887,13.418443016606727,9.742699428337158,11.215984574379936,9.28215315059436,11.946350427412549,12.100141595041759,12.796991912472617,12.49115720995757,11.842009750044385,11.664430796197761,14.163562162981808,15.082542632554258,12.285848958098903,11.053858526295858,12.069212079331217,8.857174718418696,12.40624210692304,11.360422626925494,13.56192896288758,6.180056904860156,8.072162532974318,9.302997454200765,10.324484339190223,9.12396261612649,12.601284107715877,14.178365055950174,14.70607837545793
CP063167.1,2479635,8.46402355871106,9.174951372881635,8.962816324448918,7.419548053362374,9.232965726655316,8.159399566782795,7.203676172455737,4.54656504270888,7.24296018378259,7.9619075546271425,6.150156472198734,7.1739936453430015,7.099057221776027,6.445329823228531,6.994554150505874,7.100180504059034,7.176226997867073,6.954761229275257,7.865832971339609,6.130643635964414,7.783287976439679,6.742824612740732,7.328024072118819,7.726915035685729,6.731788400382921,4.778429334916864,4.992049597474496,4.790142169445598,8.28943708144264,7.733738477218396,8.154804718678964,7.29522914003629,6.596841385904445,8.31097908864499,5.476279750791518,8.328240142991653,6.682690796122981,13.983678530204408,7.390817730042986,8.00622705807221,8.662158698105797,6.074682914326494,6.496687443801773,5.172087284611466,7.136148475035682,7.337080286660119,5.727415734889663,8.207437316562348,6.32750560746948,5.644328047773622
NZ_CP062064.1,137594,0.1188090818947844,0.12131455387426246,0.11523217199172356,0.13879057385727683,0.09780820381862448,0.13388289536736042,0.0834988808187704,0.10931119800433511,0.08884921959367953,0.10814961376757432,0.11961016111524686,0.1497175899079407,0.15443312064292095,0.07615042801487672,0.07509784382536863,0.09088526411571149,0.12828765702729333,0.09439556123424525,0.08905477985929373,0.13575378397765533,0.10237037765226514,0.12453048464034913,0.12737106225051878,0.09023527174409349,0.11024677232563376,0.2621716704413633,0.14256596622417575,0.08187182193876565,0.13266820337091012,0.08063816040742748,0.11766781863200972,0.08079850462170694,0.10493026239285955,0.11633298024717487,0.0806936713917323,0.12869111596046298,0.08082717856271047,0.07955714582644062,0.08238385899447144,0.10427861812449071,0.11194703629230057,0.06664966180942294,0.16762213912243606,0.015542556253258177,0.06134182656409821,0.06751791625741205,0.04919103632438269,0.11497830886520548,0.12956288227604984,0.029099167705532444
NZ_CP119142.1,2167441,1.32894219258403,1.3412751689287041,1.144578441607388,1.5426082221617206,0.9995572244494482,1.474583700283631,1.0111279384292955,1.1548852543607078,1.3854730305880452,1.2509632822866148,1.08496187570287,1.726550263218175,1.9788901195660897,1.187463743149848,1.2009480579525957,1.6087915286519336,2.352702554750907,1.813188595773702,1.2133731771442111,0.9077309011244692,1.3037371003631177,5.323157151363804,3.1009393620921024,1.1587577188981413,1.2723768805295081,1.0295686488427331,1.8741065982520753,1.587175073516486,1.7541147984260856,1.4912474772405406,1.8690569044287872,2.1642554762007986,1.3479877281648072,1.2668993180819021,0.935602734243251,1.2357545846138662,1.9271700490085424,0.7065191764114575,1.2143721473551563,1.5473327604661158,1.849362640576645,1.2973052484171477,1.196400555851559,1.2122030730207176,1.0719481726172218,0.9823474844483248,0.9009997541543265,1.877792445792489,1.0508035458712697,1.912824137959919
NZ_CP119140.1,2168363,1.3226786805627222,1.3196218128288855,1.1438610218824075,1.512175938530417,0.995135189558277,1.4557842429383654,0.9896515078861082,1.1239250641184861,1.351039552137031,1.225242165199102,1.0680302514147826,1.7283731514022138,1.9566381078386559,1.1346472668592513,1.1639223930342355,1.5598500071158397,2.2980410913247256,1.7579663296037595,1.2440285448025243,0.9036655103805729,1.2685672161898534,5.246718886341148,3.0643061099582787,1.1363043864167284,1.259652344765893,1.0231815859249849,1.8522517216171794,1.583356195273781,1.7372092628023652,1.4758057104359104,1.863579613436214,2.1385928616201606,1.3174912119746565,1.252870415925313,0.9213065097625924,1.2176133070155337,1.8861559081382158,0.7011797706512936,1.185751071761742,1.512066188622468,1.8120886106347736,1.294948261672915,1.1569079132028532,1.169166621655288,1.0587802455448512,0.9713794608752592,0.8834018032698022,1.828357037738116,1.0436184982569878,1.8904989942759496
NZ_CP115947.1,2326525,6.951401876107733,7.1298399045641485,7.219475604479385,8.242732250355447,6.744867464806781,7.944733642650849,9.970132024505347,10.805966399819852,12.33705440842064,7.585285908732608,5.73948846010614,9.111586208509518,9.074619937719323,9.580536586658656,11.585621483843813,11.689381900781369,9.124133439607556,10.26471483566889,8.181380042101766,8.739035482950536,9.023664254177707,8.290321139489276,9.028422266709908,8.797200596866842,6.7593431211159665,11.930213569574104,10.901130982590598,8.146751360352186,7.1114522033995335,10.1916052833574,7.327704874890147,8.045567008222656,8.145443354690936,7.6415844586818285,6.121983954681485,7.948438559216991,8.431426370078965,8.602721900396151,14.314643159533816,8.149467704121854,8.5603922999191,9.139135889170781,14.579580629498937,17.34491847463986,12.498227015062728,10.0750300120048,8.336051871794494,7.385721937225561,5.745988535324564,10.255653851742837
NZ_CP115942.1,1578131,3.4080658317231025,3.5119389294816172,3.557376950582646,3.9025924917566632,3.3071386402328518,3.749095440534625,4.374735016024009,4.418412939458457,5.368450420264671,3.6472090572593383,2.670204807141879,4.240141098424268,4.091541864768494,4.368572783142074,5.197940795354818,5.2422272599552535,4.174796169501109,4.644020015310373,3.8643346488093986,3.669823409331606,4.020985864883358,3.5541119935217322,3.991715861864923,3.971210909727658,3.251352461273834,4.752837927415345,4.585595453720043,3.361598370546249,3.5428278041498174,4.632216502976753,3.6389155888759834,3.8923839382018253,3.8930795850156437,3.6956448222333007,2.962905426346187,3.670832686926559,3.892563440326898,3.940854566102197,5.883945760295726,3.915228430922222,3.967914946841026,3.9504455260257614,5.481795467505237,7.376978450005856,5.593114012548492,4.4240514387573215,3.9239597689160175,3.602467078770571,2.7190880728286944,4.578621107348979
NZ_CP117194.1,187379,0.42738234279725995,0.44760182111230096,0.4269699219622648,0.5655080618325922,0.3451189430135281,0.6696168391333066,0.7476019528740463,1.0728000131263964,0.9700480252128978,0.5714068342595203,0.35996540966041896,0.8050286950115461,0.7327358702844972,0.5415220073559076,0.9604382130815504,1.0185310202310942,0.7636464683771867,0.753369766223439,0.5426014488012123,1.503520449534537,0.7404811495299155,0.8341603195418524,1.101102736480363,0.7554265485189391,0.4054978361316854,1.5763530215986299,1.4389006327728862,0.9250431810418073,0.49534113850284933,0.5076186894760636,0.44202749946925196,0.5209860591032253,0.4354559542014629,0.383623929423495,0.8317099548946376,0.6478880833968698,0.7344745933117629,0.35063813296805796,1.4505033000129275,0.4964642591461703,0.7685807015984002,0.5579394851674577,2.8339171875723252,1.8585713163069402,1.284992409947654,2.3420277201789808,0.7995076516043756,0.41439640652965903,0.365656276757825,0.6721944159461982
NZ_AP026896.1,4944632,8.259031186689882,7.573594305322234,7.616791278786906,8.66031400308558,7.0144542762736375,9.505574271819512,7.142718286625183,9.816677426162606,8.110060242319504,8.873331937691917,6.0364054835210545,9.359739760355552,8.922349629431217,6.288965255262949,6.9299214465669845,9.865805782440768,9.260813998499499,8.355577552424913,6.925648554873972,10.30852394810938,9.884550978009193,9.451539363350356,8.817177557073338,8.993735068157166,23.746096356459915,11.634768753797713,19.94631441222895,25.69813097939321,8.846711515532073,7.112873632458124,7.67249962027488,6.742695806436419,11.746928970693913,7.420612886299348,4.867916046582983,9.88541978208076,18.04844755647923,6.3016760394681155,6.592324660244831,8.927945329756513,7.555457864078136,8.677758819048451,8.985807269994751,8.900526985708773,7.254432955523971,8.409818472843684,15.550379472926586,8.447150396599525,6.166982826808101,7.6612390709681
NZ_CP101744.1,265777,0.24449814468750414,0.22445763609165287,0.20521980027736092,0.2997247179114862,0.15445658740183427,0.3870482464092834,0.26690482053294873,0.5091570760046644,0.3684111064506919,0.2777427187951332,0.18900675308838363,0.3725570718775129,0.34355442405346803,0.20008775262006354,0.36326593573943644,0.49612320899253237,0.4486974458409002,0.45513501498939385,0.20176045691054426,0.7269345137778912,0.3308495540666304,0.4404148998341557,0.5818404084197145,0.3433250160563931,0.2459495885268613,0.9937061536761863,0.6094629578756711,0.33453373406095693,0.2958021497758898,0.3120491048184387,0.26237524530387335,0.28130173674930137,0.2821854693369812,0.1727976750858261,0.3742565769729112,0.2590044368447063,0.5194771244600777,0.191967719625359,0.34172050224018874,0.22164630327315846,0.2671255500580776,0.2539005354061983,1.1253925873983999,0.5135222783788139,0.4242439785091539,0.4145294481428935,0.4157912863313638,0.21369584721913168,0.19422057663062103,0.3163760573941932
CP099607.1,424035,1.729458727620474,1.8452438666636515,1.875747812294627,1.5535590041443568,1.9189572006516924,1.733718739072436,1.6862469382200853,1.1538102477550751,1.7665187834624951,1.6774652531892549,1.2794956276733052,1.6037288725539764,1.536303845189219,1.4279765953750247,1.7540307009529768,1.8404373311329683,1.2891174460184422,1.4392303120541234,1.8257887307582439,1.5049512469537085,1.721010516320665,1.4973472251912974,1.6990895738692013,1.680579193506436,1.4950806596120445,1.364457893719273,1.2838212218709404,1.1251277630354022,1.6420552480059964,1.5124897046722907,1.551301767083909,1.2434498800016642,1.5765030367902464,1.689664539058929,1.2375266086542738,1.7006762309736498,1.2319079418001924,1.9083036186825422,2.2106214179981434,1.795066599509501,1.8555449917482856,1.4319619989567556,1.9431168066308246,1.9418890137899114,1.826544370982426,1.8408363345338135,1.7354404880994816,1.7477795884545597,1.2996428590487785,1.0980474422050104
CP099606.1,159105,0.5601913858215641,0.5733090014457255,0.5905658928575714,0.47360619535953047,0.6229005345342047,0.5521354078976338,0.5006461443327217,0.32710753630551914,0.47022032817002873,0.5095098854994621,0.4378508813856214,0.4487400403236624,0.45568792614162174,0.3672064336216213,0.39194041902838705,0.4403341675573093,0.43091633003149754,0.44329674167921246,0.5594352379055423,0.5630600574465164,0.5336392062662428,0.4697758931564327,0.527691146002245,0.5279697696770306,0.4857356211002784,0.48088541954372205,0.2961612243852697,0.3384265260761014,0.5190983356544902,0.5325058009505309,0.49233475526119813,0.3567778101093959,0.538231067653833,0.5602397349562933,0.37794675766015706,0.5205107249451021,0.4515441417782191,0.6305773872563566,0.5269131281933026,0.548157729313421,0.7147237765979166,0.39220999838713005,0.3922673208723048,0.49383600974746544,0.4338807311306564,0.4779457237440431,0.5539138466963324,0.5675275478444849,0.4422168648458513,0.3385555231422148
NZ_CP099646.1,294790,0.28967919571423306,0.2921003662483965,0.2748958197328129,0.2898024624134072,0.26865721163527195,0.23853455700464948,0.16824746772518315,0.15447279129991498,0.19374932048106008,0.2364780862884277,0.19683128572941808,0.18751672413923565,0.2033875464432759,0.18026390569832534,0.15457011612328522,0.1648341859103799,0.2507110428799274,0.1926911950167427,0.21702328453167907,0.15902487854043254,0.20985614741934724,0.20132216902707004,0.19660197528576293,0.20132652479978108,0.20367624039820476,0.12661920676131028,0.10502563219086554,0.1328969628461336,0.3053551191124683,0.210815389954582,0.2834895517422627,0.20448880858875487,0.24890811580426334,0.2921415239140419,0.15367151043740512,0.24165141375159108,0.22736176627168037,0.20899592088698982,0.13272550670659058,0.2689195311338837,0.25191206827434787,0.17049282124772955,0.15215993239962614,0.10422527081523034,0.16729678732170283,0.19489614027429153,0.11270573148943602,0.2714615680354303,0.1990853720551456,0.11636025133814289
NZ_CP047170.1,531034,1.1479403421891676,1.0961120918969673,1.1144576014247416,1.0037813473696948,1.0828493693594743,0.9775110732648646,0.7694718094077875,0.6812826073549689,0.6622073052658007,1.1972537606112204,0.86943660043249,0.921349597623229,0.9424870761563663,0.7838016908575316,0.6311316562737362,0.622136894158164,0.8671589247078691,0.8138726615958821,0.9827156764372784,0.6970253446502072,0.8355098763963675,0.7990449340098081,0.8413780995413326,0.8704509020965385,0.8689498318618193,0.33575236148704635,0.46477261615968785,0.6587318589424639,1.090809560482908,0.8218429670296724,1.052535891791853,0.95558880895108,0.7437117736250092,1.0159717851068915,0.8679666252833116,1.0093199100064683,0.7530210394417555,0.8495766526699184,0.5192556074597645,1.0282284684489826,1.0272448769324782,1.034260591662906,0.47716172975805093,0.47260857089830083,0.7465376242692293,0.881143366437484,0.5521617171745379,1.0642674299632287,0.8653689908658632,0.6394532998419759
NZ_CP093017.1,436805,0.3846765790156159,0.3844632368452764,0.3619571307191871,0.38630244728801766,0.3225625606385121,0.3772336750288164,0.23429674872761405,0.23974910477410433,0.2791009662793217,0.34999361380687394,0.6967524867804151,0.45785448124385636,0.37400016720203205,0.2544237038084048,0.23970402909978655,0.3480965719254689,0.3658175399274821,0.3528012529932194,0.2924438482157192,0.23375652835716665,0.2947916678392046,0.3767087939527953,0.3335479146194068,0.27575404770293366,0.39683120711569986,0.15234008175440536,0.33332324497483345,0.3138255588158373,0.44240623912656524,0.28026414827388285,0.40176435248954434,0.3091258081568383,0.6565093492910139,0.32150840152332494,0.23036533562967512,0.40347206688785014,0.28646310793925667,0.29178887526446945,0.2821053931074161,0.37032284601044047,0.32913398254517856,0.3001024116910491,1.4935309869516702,0.22698820226928593,0.27751283009823174,0.3388082505729565,0.7707179733993886,0.36421460245181764,0.8593518035204257,0.18406407206978848
CP090106.1,3719350,6.739425994064299,6.542231633911448,6.507903119963987,6.709017757207249,6.952768891756824,5.759504147617629,6.674865355740408,5.932984088204858,4.9960537064657125,5.725480356347058,7.22257879618089,5.92693176276039,5.996896364270839,7.6042180152006384,5.570845124929701,4.596263572417675,6.383528176881483,6.436879914350266,6.699675113635283,6.1276031914486735,5.946724629437368,5.000711822847366,4.654633858488519,6.395100893823464,4.875547067883481,4.877342498480915,4.141659178000549,5.055369422882497,6.528309616387457,7.022261031310142,6.84356437818512,6.488730876260844,6.199135298628329,7.315821568946164,7.448513592638631,6.05380602404656,5.912960291882203,5.6721986984587325,4.177716207040726,6.3844272813159035,5.772866615298676,6.529754119389647,2.8395308549812435,3.296693949983647,4.41326774686411,4.98803157626687,4.347558982428879,6.587518032628036,7.151605046053526,7.52615920486069
NZ_CP088082.1,708898,2.5628117079580814,2.545895666757638,2.6960741147438414,2.5658710711800827,2.446334916799385,3.0734178506210097,2.781105184521418,3.0762389026785204,3.726597096579942,3.089708253002078,1.8721024777563668,2.757685881283891,2.64220803177005,2.160021908707828,2.74506898306259,3.014980184050173,2.1366929330421285,2.3504322177745287,2.566619576255479,2.7688887959482016,2.729618257922573,2.855347538556467,3.0971638693882726,2.6131610283686553,2.6602855734442774,3.607956899408938,2.9792765715722473,2.3661276833317175,2.4941121328971882,2.0664924830145464,2.225947936253582,1.8754823453330836,1.9881828317127617,2.2903328209765905,2.0730041606142113,2.8763635374942966,2.063495259705002,2.383195513406701,3.8366944899625333,2.6433287409542983,2.7628412606618693,2.233103027345859,4.356501365499976,3.194882209886883,3.4993938808100395,3.4774364291171014,2.706580177173147,2.420055821092605,1.8891493329004256,1.7529061837734445
NZ_CP083452.1,372730,1.0981851862152476,0.9823622727288216,0.9209619498108803,1.211906706597695,0.7373500054917898,1.8547516286117622,1.5893715737224763,2.489647403491282,2.3824171271579555,1.6153163835958222,0.901952700700185,2.979768692686504,2.7110852867618833,1.7995883283125877,2.974527640213514,4.356342788992708,3.1558656027408203,2.9502150562128153,1.9238945547592496,3.437580224398563,1.889818456109623,2.453029433761463,3.358505994051872,1.8726832757031135,1.4945228717429546,4.260688836104514,4.256375454558153,1.9818746183431564,1.3948229704188906,2.192848463162078,1.9140747446447919,3.4923644975843535,1.908002021668748,1.341014684529699,2.2796800845593292,1.411672427017343,3.121525853216007,1.1804654173443583,3.2590903214761138,1.5730149881499838,1.8612275570531807,2.1265079933318254,5.300286887950214,4.940860864243186,3.434303880247813,3.022381679944705,2.5244791658111345,1.4475751092653804,0.9305990140939078,3.939459163378898
NZ_CP069372.1,70477,0.14795723625990875,0.10008249340099258,0.10301176306733505,0.13304292585534078,0.08849790396690281,0.11543757204097754,0.09136740062985188,0.4947067240531597,0.0643662030257538,0.30668842254983686,0.12440822358380572,0.26325256906854544,0.25878881676279397,0.12882555780335758,0.11426886242045708,0.19296482800382345,0.1466605800194597,0.1628366573686176,0.187492091145744,0.11107940733069058,0.1008570220388352,0.10869004750228115,0.1479513583239251,0.15221551100318778,0.09162362984639219,0.10521391482074793,0.2846663159022019,0.16847412531365616,0.11112929872439237,0.05243929945328699,0.08455838943943612,0.11089647858702194,0.08036619920018483,0.0767771488165432,0.7004633886335725,0.13244960483316537,0.08785716481007909,0.07848926467440785,0.030207900232113137,0.0986329148980333,0.24310084344362656,0.2640071958435094,0.11079606728128118,0.26686961649069585,0.11124185881812183,0.28116701225944923,0.030651315821893847,0.11433187659488002,0.12086193656445982,0.16432471174888913
NZ_CP080763.1,28165,0.17247481524639532,0.15223641375815214,0.16054019439755068,0.2211331941797501,0.1081281921028063,0.36558772486498387,0.39189857200251055,0.6864426390620058,0.5471940646443821,0.31933484838522525,0.13144845755209494,0.6454743877331319,0.546900377951459,0.37804299878383113,0.7328528159703058,1.123905550591044,0.5824189688190246,0.5773142788903913,0.387148324418247,0.9900430257293145,0.41474698757810197,0.5010761619635763,0.7390171364289935,0.4712638031484696,0.20560758089492878,1.0670279097387174,0.9752338559103035,0.45236460629151565,0.24420895957609148,0.501641863492038,0.3777741069811759,0.6895422096910478,0.28322828334044375,0.26794548582437255,0.45180198232377644,0.25369228691824247,0.6456989378361985,0.15055194337965472,0.7350783163470307,0.2697492206283124,0.38590965700745516,0.5547803825155021,1.4556141105931875,1.234862637025117,0.9203443980087332,0.732593037214886,0.5614589544495603,0.22304579026311724,0.13515469005336503,0.9066266343698682
NZ_CP011515.1,262673,1.1484062232486036,1.2272651377559256,1.1820083323716044,1.2934628066672715,1.0826977730792464,1.4629276320049733,1.9348921642502597,2.024361912855438,2.449006594146688,1.2598057035380517,0.91695587295764,1.7273757220184944,1.6769282407975457,1.7694697444867502,2.551987152157064,2.5985157410315196,1.9700454104411464,1.891431644153239,1.7641753331375156,1.3789034973916838,1.5957772125415406,1.3469990029042915,1.4497119815199995,1.5463715565403542,1.0988281574105256,2.259768753797713,2.441984178349762,1.3601242835445644,1.1207743987577563,1.8383344996309066,1.2095274803204115,1.3668153407461723,1.3709296362409846,1.3183458986188186,1.4277128440738667,1.347595332528019,1.6444162302952843,1.1426778638079702,3.0661091525715873,1.2735352273046425,1.5156356259160764,1.3716428826959783,2.397429925180647,2.968490120626375,2.197367006402473,1.823220197169777,1.608115425912572,1.2816885930494937,0.9297637233055952,2.190522703360025
NZ_CP009453.1,243437,0.42287882588937753,0.41667376570449144,0.424361858525963,0.4544272015004386,0.4064067448331411,0.40693034204084805,0.33367152540050765,0.8892794117563854,0.2416308346105804,0.4831337742451759,1.195141998658757,0.300123062149481,0.3195555254240672,0.6363066158997147,0.4860952825870328,0.2394163423038706,0.26838455738337297,0.29485238743113606,0.35621911943717494,0.49096300095450696,0.36541909882299706,0.33331977048765254,0.36987229975054925,0.3901906966048451,0.3049705174249444,0.593349513892725,0.350551057182368,0.28307742948102554,0.4077364740061737,0.3141850852520741,0.5206894912174747,0.536928364947867,0.5095189220918294,0.3467298803616097,1.8848049455646738,0.4154786681194921,0.21429093757054274,0.44814983479042286,0.14687590623700697,0.3331489419956922,0.31579969562041144,0.3813629232657668,0.5272907948657595,0.09377875381993941,0.972878015677231,0.3761777438248026,3.039178163647802,0.3596229340574441,1.4324540943904887,0.37082318595460745
NC_009037.1,16762,0.054898671104866105,0.02483165987069322,0.016875545936856976,0.040536043803127926,0.011046506306405258,0.05580140326110888,0.0578567633167755,0.06185248533040327,0.07935967828828196,0.030205307921575025,0.05098864077164655,0.15876324259477473,0.20317958371685127,0.05753980523629896,0.08160716083475816,0.13120835543393636,0.35355099104837834,0.17536520900592328,0.04130619826456317,0.044547327339209325,0.05369285659879955,0.09182560041192386,0.07257155351161462,0.053481125487606515,0.08201573380131735,0.060547630227034195,0.29534639542950797,0.14865291533780997,0.06250575816854909,0.15990459026114417,0.07977479229288795,0.16710685005649148,0.11431558842402299,0.08236252821325676,0.047327212450411583,0.042691407043430996,0.2735689120584047,0.024432606116990496,0.02078885856937714,0.040359148740486045,0.09910753737561143,0.06149143951052666,0.06372004936087905,0.030416302789350893,0.03156357051055062,0.019398668558332423,0.04939910170509579,0.08263003834809497,0.04593325918322946,0.49894693062051876
NC_008826.1,599444,1.1537615024974754,1.2276678468107145,1.1877369019049087,1.0477054784160693,1.2028707186922218,1.04988594860969,0.951026332695829,0.5341764402683895,1.0546405077067276,0.9711296205744753,0.7564514563411378,0.8356738529734058,0.8773531502401762,0.7971707141826492,0.885413625235387,0.7776657513027997,0.9292179779185981,0.8171514836497223,0.9636191262975204,0.7167538398337854,0.9942246097387311,0.8468652925782206,0.9214925103815889,0.9655686434540398,0.8280709534058875,0.52874523559631,0.5537053764742583,0.5959297902930767,1.1436550125807596,0.8601534417797381,1.0264645647454094,0.6957142309193026,0.9782058825369672,1.0659783850180924,0.5713328700393198,1.0940172853931414,0.7473334626285578,0.827910244717832,0.9691276715430224,1.0088213636080354,1.060700542852415,0.7035296925415684,0.8681487405195498,0.7450540249223218,0.9545218267021889,1.0167521554076175,0.566912457586146,1.020689897843042,0.7378092596469705,0.4500719831101001
NZ_CP035709.1,84154,0.19675239489923296,0.19861610582202677,0.19984994060654712,0.2306924403303385,0.17339182089442948,0.21694249996762205,0.21835142475751074,0.2053149458168381,0.3225901784332008,0.20765834295041113,0.1586128727587051,0.24973568121331438,0.22455815199330192,0.21258513918213381,0.2928564745832101,0.3214363220360703,0.17339950454978673,0.20694544247185906,0.4018923023752073,0.16760966305546238,0.20021319553542583,0.19016680397159993,0.213211704758909,0.2122668733779728,0.15775635407537247,0.3121892780202177,0.23455433512285292,0.2012056075422599,0.1943510465778813,0.13058874871326775,0.18382886919665484,0.14939040045797897,0.19271202783988958,0.1405508362251126,0.17746414395936777,0.17661470508200247,0.15095040821611094,0.16084477376069337,0.37952769110900697,0.20540060150581013,0.2660809975965797,0.2196563562687888,0.36222927596493526,0.3325510925188472,0.34209978625544596,0.4173487576848921,0.265239557171165,0.1961555406676206,0.15727442759571833,0.09472707784992478
NZ_CP039965.1,1584601,1.6729930020429589,1.4884994038357107,1.3889596494288057,1.5977856429803068,1.227786854485877,1.5908408396254519,0.9015240860019959,2.0070486485752483,0.8203301763888825,2.4209088245600645,1.4080744747874736,2.98489341607182,3.148680455704563,1.5364718146240626,1.2180062359675554,1.7543496240625713,2.862194738457541,2.3526065945049703,2.230318518926339,0.9869819447123368,1.1584799756162139,1.4600750753349623,1.530192155916063,1.273179298449394,1.490953029380779,0.7614846296194001,1.621480520931792,1.3005251450342201,1.873312241665079,1.3426302698213595,2.181060163633707,3.793231791506624,1.380199094049541,1.494590800051054,2.3338973546565565,1.4755438898966107,1.9522165829250464,1.0256741144515134,0.5778662129221681,1.6177133175797234,1.772845424377925,4.520873338864231,1.0503467178265455,1.0626077865008174,0.9593747256681859,1.9649678053039397,0.760095688173509,1.9994883188689114,1.3949278823081466,3.1065819840825006
NZ_CP033971.1,333965,0.48870452547919985,0.4955737628235728,0.4937708683845237,0.4798378558247875,0.4573430949896571,0.4904452618082447,0.4241132178172911,0.3668262014188956,0.4971435125021995,0.48131994424488117,0.36793757499279367,0.48550735105455806,0.4677497642742496,0.4477268243269109,0.463501045572126,0.4696776148993447,0.4524634915493969,0.4579306422142472,0.4555500051452592,0.424568497637946,0.4393233824573568,0.43266685992966586,0.4589479177080768,0.44392800105364905,0.43796109011272194,0.3512021488151135,0.4336054086018001,0.3506715743769038,0.5157351179854326,0.4625475427112803,0.5080151265723908,0.45129469389835725,0.43105296174239854,0.46417557291047357,0.3310324325593674,0.4632651695009937,0.4127555744434918,0.47145666258448726,0.5070850992216698,0.47776286720853023,0.4889705005890226,0.4232457138936471,0.49951791400058504,0.4795947245743444,0.5177609197624446,0.4563825530212085,0.4234787546082375,0.4842044274745977,0.37088457835874483,0.35439799867651595
CP023017.1,2034982,3.6868838811224007,3.8172171751075,3.8227925810925005,3.4037571467465284,3.7488644580518793,3.4749248831155377,2.6981848713358154,1.807470843274787,2.8613949463041086,3.5870503622495624,2.6764422883510055,2.813679503238894,2.857532638710099,2.484741939568481,2.300750538902378,2.3334050999212,2.5339569546355585,2.4887985084465907,3.1329439847020057,2.471014658244406,3.0506122398951305,2.9973224405256382,3.1001468743878537,2.9893372288609408,3.1955736743648364,2.057756311108656,1.6934473783460369,2.020630073025575,3.689610788057357,2.6358586435583633,3.371843458156315,2.4617743861368906,2.9689146415025607,3.2709378092003853,1.9213712814655644,3.4729122622470188,2.186219743239467,3.719861064802309,2.55833982621213,3.5097105380245504,3.493133367008905,2.467962565127184,1.9946246672424779,2.0586181184478,2.7328824345771023,2.8058496125723016,2.5545172363004003,3.4934266168420667,2.724880969129122,1.3920619364312474
NZ_CP029986.1,265221,0.43754702045768434,0.4392750369640446,0.4260178574400161,0.39531717941737,0.4397665074047632,0.37000934104360667,0.2656551144453064,0.4442266770244496,0.23718430668462268,0.4058444625659497,0.9248634489875535,0.26758622777022256,0.28104082849022805,0.41770247150248385,0.34863567017813973,0.27176497079285905,0.2430982504834661,0.24232220673697843,0.37593540667580805,0.38733337057075334,0.3337511945816366,0.31114497090135257,0.32502155972959507,0.32863239916419357,0.3022443292147672,0.29652371153952384,0.1772834999464541,0.22877544466217525,0.4224773854918303,0.28443812838731714,0.432084554342892,0.4061539799354337,0.5933379943257014,0.35176981255161294,1.0365020803071057,0.38045275053984007,0.20065488384449107,0.5970420592711351,0.19110318378166224,0.34629999731543,0.3318578155189409,0.292871028276807,0.1885995278610253,0.12093097440268931,0.4819559944645388,0.3210829786460039,1.3545713332993858,0.3802687812066012,1.603766047734239,0.503208010246986
NZ_CP029358.1,405625,1.5491862869651327,1.5328283774821205,1.6655168622089422,1.4841032156578033,1.7535484970801984,1.3779759399323948,1.5753702369998166,1.0632494281247755,1.3560012265909962,1.494192846909473,1.314152401965434,1.109863751146184,1.1587683116379686,1.2752870364644529,1.1594747085824821,0.9036472380989997,1.017935254680186,1.093228300583078,1.4186358692879337,1.0083476023274671,1.394763564450251,1.1203665701892216,1.1129412835699823,1.4077184611299662,1.2120033160488817,0.895440327570016,0.717777006923718,0.9800596656609055,1.4085799618417911,1.430244659901945,1.3538880600692624,0.9693946459090181,1.0904126693095435,1.5387065701297837,1.0354956673924023,1.45853358615359,0.9276049190120856,1.3335391041673674,0.978459365060509,1.4666716829502766,1.3795739215533105,1.314458188597688,0.6550263497669343,0.7563220147223919,1.0204009165271788,1.0860889810469643,0.9826051866319088,1.4450960081874311,1.317245838995071,0.8635788042973535
NZ_CP029356.1,882608,3.1623300434130557,3.0690952707397483,3.317661668040238,3.1170402637867927,3.5345445018031376,2.8765092180073304,3.18594052880156,2.66098082471112,2.747737354440604,3.0282395696587554,2.9548221819595066,2.4959466533492645,2.5802767318407986,2.9180867573051112,2.532532457108101,2.082601267628339,2.658155762036484,2.5588962725660616,2.8772087502266364,2.214324098178017,3.039743595035043,2.5927116408817033,2.3959138521161045,3.009650713548823,2.4715650202860475,2.464931572115119,1.8220157471515908,2.426564511263042,2.916929418047062,3.1889795951160904,2.8674991281858073,2.3621099866676842,2.4602994915470657,3.242203650350886,2.4866140630979605,3.002529954242397,2.3482626925695165,2.7102051676312873,2.3659700943243505,3.0100562658222145,2.7780397488695967,2.710756880272601,1.6728728878576373,1.7477451843701204,2.3259491017698286,2.4537542289643133,2.2199262024947037,2.951003299536921,2.901127325463089,2.635532378195946
CP025986.1,2212170,5.584648023800781,5.821599269175999,5.842571842910218,5.695919169918626,5.699797032602925,5.699928687526712,5.9093046635328355,5.308993675000608,6.801506722255496,5.662626108420177,4.226659363769535,5.460994664096738,5.436436816556495,5.447706211295352,6.08895327042947,6.081037714808738,5.385176359885479,5.621385098685641,5.576754727945502,4.913612854284014,5.853196751113161,5.336079613239598,5.678714918194949,5.6612536554477355,5.057441691993722,5.939752734353422,5.166888610553665,4.5521767790767855,5.516285218747792,5.790329417173243,5.269067223124747,4.696458371778321,5.488886267692209,5.482726232410691,3.7504880457499827,5.813194192323589,4.831578839529436,5.913623468064982,7.101637137170362,5.709026654537942,5.951325154737453,4.894943177492085,6.028192428639946,7.4853183545158215,6.628803533541719,5.5896722325293755,5.156166756737075,5.537685368618672,4.358779358634343,4.76993265673216
NZ_CP023549.1,860520,2.288986585872538,2.2261880459224623,2.282268575028308,2.0848836857549085,2.3735000549178977,1.9593425815601,1.792957952481546,2.0058831150975625,1.5112772353224586,2.5741270754182954,1.9716899551085896,1.9288220634131208,1.9821343380983139,1.6600675518491363,1.4109415549146704,1.4058559389141123,1.9160295548507074,1.8098752598035055,2.080385378470564,1.4624606909045583,1.897735432169963,1.6284295611193027,1.7281108800027312,1.9839402916160462,1.6453556838932477,1.0358262442689057,1.1914254384943823,1.6023273968665737,2.082493647007049,1.622522091230664,1.981623182901487,1.8397370968836164,1.3834434042825359,2.1484510935671044,2.234417308857027,2.1437895026890903,1.5523552043624067,1.7931075476617553,1.1349435672749593,1.977622129935955,1.9442419895195902,2.303059874744048,1.0100661920327287,1.1837859297120243,1.4313980590376858,1.7326930772308922,1.1733682883172931,2.1260624230987175,1.916443232825938,1.6160781824346642
